{"mae": 0.32100044936898403, "mape": 1e+20, "mse": 3.986335274067667, "max_ae": 59.1399481143824, "slope": 0.2131310208410202, "rvalue": 0.3725043560190015}