{"mae": 0.29696455847885006, "mape": 1e+20, "mse": 3.5998324905379024, "med_ae": 0.06178575320508961, "max_ae": 58.951942666994704, "slope": 0.20188415919904032, "rvalue": 0.433097646426431}