{"mae": 0.2711004617690761, "mape": 1e+20, "mse": 3.5091853290044925, "med_ae": 0.05732074690971023, "max_ae": 59.11791466139473, "slope": 0.19286688159969154, "rvalue": 0.4597438802207078}