{"mae": 0.32100044936898403, "mape": 1e+20, "mse": 3.986335274067667, "med_ae": 0.06478518567712865, "max_ae": 59.1399481143824, "slope": 0.21313102084102034, "rvalue": 0.3725043560190018}