{"roc_auc": 0.9706214269314186, "ap_score": 0.9689751360839454}