{"roc_auc": 0.9696211742046954, "ap_score": 0.9680333565850106}