{"roc_auc": 0.9530745940267296, "ap_score": 0.9461525545038632}