{"mae": 0.0646796278458784, "mape": 1e+20, "mse": 0.013313594806425383, "med_ae": 0.037653229947328004, "max_ae": 2.5100818423698392, "slope": 0.8897175098477265, "rvalue": 0.9506229691716298}