{"mae": 0.08507756191285333, "mape": 1e+20, "mse": 0.016123955189787712, "med_ae": 0.05870534643016967, "max_ae": 2.8011580030971857, "slope": 0.8948697726619332, "rvalue": 0.9408606653352207}