{"mae": 0.0731162656080994, "mape": 1e+20, "mse": 0.012177322420386048, "med_ae": 0.049334983799047105, "max_ae": 1.1744921207427979, "slope": 0.8834550046475399, "rvalue": 0.9556132021636228}