{"mae": 0.054770007344092674, "mape": 1e+20, "mse": 0.010906992302770998, "med_ae": 0.02751538919880847, "max_ae": 1.536577582359314, "slope": 0.9005170908985308, "rvalue": 0.9595533809576716}