{"mae": 38.7524344203875, "mape": 1e+20, "mse": 6299.609216902333, "med_ae": 20.67930588444017, "max_ae": 1031.8167519020349, "slope": 0.9478612344178404, "rvalue": 0.9874144576594004}