{"mae": 34.27510615406341, "mape": 1e+20, "mse": 5041.649220355313, "med_ae": 17.9086055697704, "max_ae": 1079.1280311989099, "slope": 0.9686895632923858, "rvalue": 0.9896906168586643}