{"mae": 36.33346820591638, "mape": 0.06617737860972978, "mse": 5462.325994507245, "max_ae": 1273.7503456520349, "slope": 0.9665825039457299, "rvalue": 0.9888805083088895}