{"mae": 36.33346820591638, "mape": 1e+20, "mse": 5462.325994507245, "med_ae": 19.315886577077833, "max_ae": 1273.7503456520349, "slope": 0.9665825039457293, "rvalue": 0.9888805083088891}