{"roc_auc": 0.9120386586968886, "ap_score": 0.9537480795773828}