{"roc_auc": 0.9282680798333731, "ap_score": 0.9654581549764899}