{"roc_auc": 0.9312462759366184, "ap_score": 0.9664602145755586}