{"mae": 0.3567848714164658, "mape": 1e+20, "mse": 0.7058359255875598, "med_ae": 0.014355093240737915, "max_ae": 9.89350768327713, "slope": 0.7714787528863639, "rvalue": 0.8226894885565774}