{"mae": 0.3326753801475562, "mape": 1e+20, "mse": 0.5948334909104886, "med_ae": 0.04078714847564702, "max_ae": 9.895481160469354, "slope": 0.777560334158936, "rvalue": 0.848851919709248}