{"mae": 0.34701728681768146, "mape": 1e+20, "mse": 0.5566133595683833, "med_ae": 0.07975364476442337, "max_ae": 9.856731829792261, "slope": 0.7382266123994836, "rvalue": 0.8569844045639501}