{"mae": 0.3567848714164658, "mape": 377012176815902.1, "mse": 0.7058359255875598, "max_ae": 9.89350768327713, "slope": 0.7714787528863595, "rvalue": 0.8226894885565748}