{"mae": 0.21987228095531464, "mape": 167248459202560.0, "mse": 0.2048996090888977, "med_ae": 0.06560623645782471, "max_ae": 7.568516731262207, "slope": 0.9292589660752463, "rvalue": 0.9591426708216905}