{"roc_auc": 0.8944544759968457, "ap_score": 0.8653750195118836}