{"roc_auc": 0.8695822889371252, "ap_score": 0.8380986953336537}