{"mae": 112.92944175524589, "mape": 0.0795732577636061, "mse": 41670.58194010513, "max_ae": 1688.618408203125, "slope": 0.8350254698973613, "rvalue": 0.7881902584829708}