{"mae": 87.76394974146135, "mape": 1e+20, "mse": 22358.157103442394, "med_ae": 56.59085693359384, "max_ae": 1121.050390625, "slope": 0.8235978784258344, "rvalue": 0.8715080048812024}