{"mae": 96.21981651110526, "mape": 1e+20, "mse": 23070.257834270502, "med_ae": 60.824951171875, "max_ae": 931.3261474609376, "slope": 0.8135834946260946, "rvalue": 0.8667377004536949}