{"mae": 0.09075428545475006, "mape": 373686927360.0, "mse": 0.0163308996707201, "med_ae": 0.06756293773651123, "max_ae": 1.1779941320419312, "slope": 0.9467989495376185, "rvalue": 0.9853841388699578}