{"mae": 34.52584316606732, "mape": 1e+20, "mse": 10568.269663720996, "med_ae": 9.047424031575673, "max_ae": 1534.9796767054966, "slope": 0.3696065172534589, "rvalue": 0.6505953548592758}