{"mae": 34.4331378011962, "mape": 1e+20, "mse": 10774.57376326931, "med_ae": 6.980125152587675, "max_ae": 1566.8244986354282, "slope": 0.43502228035813134, "rvalue": 0.6373693110814631}