{"mae": 33.179810610980766, "mape": 1e+20, "mse": 10975.158525265373, "med_ae": 7.3596574943847735, "max_ae": 1564.8245329677036, "slope": 0.4091174602589523, "rvalue": 0.630169020935023}