{"mae": 34.4331378011962, "mape": 4.995786688849419, "mse": 10774.57376326931, "max_ae": 1566.8244986354282, "slope": 0.43502228035813195, "rvalue": 0.6373693110814638}