{"mae": 0.04476916044950485, "mape": 219644493824.0, "mse": 0.007946129888296127, "med_ae": 0.02289867401123047, "max_ae": 4.880349159240723, "slope": 0.9902500241274815, "rvalue": 0.9970752502254646}